<addon id="repository.goodandrewsoft" name="Kodi Repo by GoodAndrewSoft" version="1.0.1" provider-name="ilw">

  <extension point="xbmc.addon.repository" name="Kodi Repo by GoodAndrewSoft">
    <info compressed="false">https://goodandrewsoft.github.io/kodi/zips/addons.xml</info>
    <checksum>https://goodandrewsoft.github.io/kodi/zips/addons.xml.md5</checksum>
    <datadir zip="true">https://goodandrewsoft.github.io/kodi/zips/</datadir>
    <hashes>true</hashes>
  </extension>

  <extension point="xbmc.addon.metadata">
    <summary>Install Kodi add-ons by GoodAndrewSoft</summary>
    <description>Good Addons</description>    
    <platform>all</platform>
    <website>https://goodandrewsoft.github.io</website>
  </extension>
</addon>