<addon id="repository.goodandrewsoft" name="Kodi Repo from Goodandrewsoft" version="1.0.0" provider-name="ilw">
  <extension point="xbmc.addon.repository" name="Kodi Repo from Goodandrewsoft">
    <info compressed="false">https://goodandrewsoft.github.io/kodi/zips/addons.xml</info>
    <checksum>https://goodandrewsoft.github.io/kodi/zips/addons.xml.md5</checksum>
    <datadir zip="true">http://redirect.superrepo.org/v7/addons/</datadir>
    <hashes>true</hashes>
  </extension>
  <extension point="xbmc.addon.metadata">
    <summary>Install add-ons Kodi Repo from Goodandrewsoft</summary>
    <description></description>    
    <platform>all</platform>
    <website>https://goodandrewsoft.github.io</website>
  </extension>
</addon>