<addon id="repository.goodandrewsoft" name="Kodi Repo from Goodandrewsoft" version="1.0.0" provider-name="ilw">
  <extension point="xbmc.addon.repository" name="Kodi Repo from Goodandrewsoft">
    <info compressed="false">http://xml.superrepo.org/v7/.xml/krypton/categories/audio/addons.xml</info>
    <checksum>http://md5.superrepo.org/v7/.md5/krypton/categories/audio/addons.xml.md5</checksum>
    <datadir zip="true">http://redirect.superrepo.org/v7/addons/</datadir>
    <hashes>true</hashes>
  </extension>
  <extension point="xbmc.addon.metadata">
    <summary>Install add-ons from the SuperRepo Category Audio Repository</summary>
    <description>Download and install add-ons for Kodi in the category "Audio" using SuperRepo.[CR][CR]By using SuperRepo repositories you will be able to take advantage of our serverside dependency checking, extensive file mirror service and many more.[CR]Visit our website at https://superrepo.org/ to browse the add-ons, create personal addon bundles and install whole bundles at once![CR][CR]</description>    
    <platform>all</platform>
    <website>https://goodandrewsoft.github.io</website>
  </extension>
</addon>