<?xml version="1.0" encoding="utf-8" standalone="yes"?>
<addon id="script.gas.ydl" name="GAS YouTube Download" version="1.0.0~beta1" provider-name="GoodAndrewSoft">
    <requires>
        <import addon="xbmc.python" version="2.26.0"/>
        <import addon="script.module.gasutils" version="1.0.0" optional="false" />

    </requires>
    <extension point="xbmc.python.script" library="script.py">
        <provides>executable</provides>
    </extension>
    <extension point="xbmc.python.module" library="lib"/>
    <extension point="xbmc.service" library="service.py"/>
    <extension point="xbmc.addon.metadata">
        <summary lang="en_GB">GAS YouTube Download</summary>
        <description lang="en_GB">
            Works only with:&#xA; - GAS Context menu tools&#xA; - Youtube
        </description>
        <language>en</language>
        <platform>linux windows android</platform>
        <license>GPL-2.0</license>
        <email>memm@mail.ru</email>

    </extension>
</addon>